Job Title,Skills,Certifications
Admin Big Data,"Hadoop, Spark, MapReduce, Data Lakes, Data Warehousing, Big Data Architecture, NoSQL, Data Modeling, ETL, Cloud Computing, AWS, Azure, Data Governance, Security","Cloudera Certified Professional (CCP), Hortonworks Certified Associate (HCA), AWS Certified Big Data – Specialty"
Ansible Operations Engineer,"Ansible, Linux, Automation, Cloud Platforms, CI/CD, Infrastructure as Code, Kubernetes, Docker, AWS, Terraform, Python, Scripting, Networking","Red Hat Certified Specialist in Ansible Automation, AWS Certified DevOps Engineer – Professional"
Artifactory Administrator,"Artifactory, CI/CD, Jenkins, Docker, Maven, Gradle, Build Automation, Version Control, Git, Cloud Computing, Linux, JFrog CLI","JFrog Artifactory Certification, DevOps Institute Certifications"
Artificial Intelligence / Machine Learning Leader,"AI Strategy, Machine Learning, Team Management, Project Management, Cloud Computing, Data Science, Deep Learning, Communication, Budgeting, Stakeholder Management","AI-900: Microsoft Azure AI Fundamentals, Certified Artificial Intelligence Practitioner (CAIP)"
Artificial Intelligence / Machine Learning Sr.Leader,"AI Strategy, Machine Learning, Team Management, Project Management, Cloud Computing, Data Science, Deep Learning, Communication, Budgeting, Stakeholder Management, Innovation, Mentoring","Certified Artificial Intelligence Practitioner (CAIP), AI-900: Microsoft Azure AI Fundamentals"
Artificial intelligence Architect,"AI Architecture, Machine Learning, Cloud Computing, Data Science, Deep Learning, System Design, AWS, Azure, Scalability, Security, Model Deployment","Google Cloud Professional Machine Learning Engineer, AWS Certified Solutions Architect – Professional"
Artificial Intelligence Researcher,"Machine Learning, Deep Learning, Research Methods, Python, TensorFlow, PyTorch, Data Analysis, Statistical Analysis, Algorithm Design, Scientific Writing","Certified Data Scientist (CDS), IEEE Certified Artificial Intelligence Engineer"
Big Data Architect,"Hadoop, Spark, Kafka, MapReduce, NoSQL, Data Warehousing, Cloud Computing, AWS, Azure, Data Lakes, Data Modeling, ETL, Data Governance, Security","Cloudera Certified Data Architect, AWS Certified Solutions Architect – Associate"
Big Data Engineer,"Hadoop, Spark, Kafka, SQL, NoSQL, Python, Java, Scala, Data Pipelines, ETL, Data Warehousing, Cloud Computing","Google Cloud Professional Data Engineer, AWS Certified Big Data – Specialty"
Big Data Specialist,"Hadoop, Spark, Data Analysis, Data Visualization, SQL, NoSQL, Data Modeling, ETL, Cloud Computing, Data Mining, Statistical Analysis","Certified Big Data Analytics (CBDA), IBM Certified Data Engineer - Big Data"
Build and Release Engineer,"CI/CD, Jenkins, Git, Maven, Gradle, Docker, Kubernetes, Automation, Scripting, Linux, Build Tools","Certified Jenkins Engineer, AWS Certified DevOps Engineer – Professional"
Build Engineer,"Maven, Gradle, Ant, Jenkins, CI/CD, Git, Build Automation, Scripting, Linux, Version Control","AWS Certified Developer – Associate, Jenkins Certification"
Chef Operations Engineer,"Chef, Ruby, Automation, Configuration Management, Linux, Cloud Computing, AWS, Azure, Infrastructure as Code","Chef Certification, AWS Certified DevOps Engineer – Professional"
Data Analysts,"SQL, Excel, Data Visualization, Power BI, Python, R, Statistics, Data Mining, Data Cleansing, Tableau, ETL, Data Modeling","Microsoft Certified: Data Analyst Associate, Tableau Desktop Specialist"
Data Architect,"Data Modeling, Data Warehousing, ETL, SQL, NoSQL, Data Governance, Cloud Computing, AWS, Azure, Data Integration, Data Security","IBM Certified Data Architect - Big Data, Google Cloud Professional Data Architect"
DevOps Architect,"Cloud Computing, AWS, Azure, Google Cloud, Docker, Kubernetes, Terraform, Ansible, CI/CD, Automation, Security, Networking","AWS Certified Solutions Architect – Professional, Google Cloud Professional DevOps Engineer"
DevOps Engineer,"Docker, Kubernetes, CI/CD, AWS, Azure, Linux, Terraform, Ansible, Jenkins, Git, Automation, Networking, Python, Scripting, Cloud Computing","AWS Certified DevOps Engineer – Professional, Docker Certified Associate"
ELK Engineer,"Elasticsearch, Logstash, Kibana, Data Visualization, Log Management, Linux, AWS, Azure, Networking, Security","Elastic Certified Engineer, Elastic Stack Certification"
Gerrit Administrator,"Gerrit, Git, Code Review, Linux, Automation, Scripting, Version Control",Gerrit Code Review Certification (if available)
Jenkins Engineer,"Jenkins, CI/CD, Automation, Groovy, Scripting, Linux, Docker, Kubernetes, Build Automation, Version Control","Certified Jenkins Engineer, AWS Certified DevOps Engineer – Professional"
Jira Administrator,"Jira, Atlassian Suite, Agile Methodologies, Workflow Configuration, User Management, Project Management","Atlassian Jira Administration Certification, AgilePM Certification"
Kubernetes Operations Engineer,"Kubernetes, Docker, Linux, Cloud Computing, AWS, Azure, Networking, CI/CD, Automation, Security","Certified Kubernetes Administrator (CKA), CNCF Kubernetes Security Specialist (CKS)"
Machine learning Architect,"Machine Learning, Deep Learning, Cloud Computing, Data Science, System Design, AWS, Azure, Scalability, Security, Model Deployment","Google Cloud Professional Machine Learning Engineer, AWS Certified Machine Learning – Specialty"
Machine Learning Engineer,"Python, Machine Learning, TensorFlow, Keras, PyTorch, Data Analysis, Deep Learning, Natural Language Processing, Computer Vision, Data Science, Algorithms","Microsoft Certified: Azure Data Scientist Associate, TensorFlow Developer Certificate"
Operations Engineer,"Linux, Windows Server, Networking, Troubleshooting, Scripting, Automation, Cloud Computing, Monitoring, System Administration","ITIL Foundation Certification, CompTIA IT Fundamentals+"
Principle Engineer in Artificial Intelligence,"AI Strategy, Machine Learning, Deep Learning, Data Science, Python, TensorFlow, Cloud Computing, System Design, Mentoring, Innovation","AI-900: Microsoft Azure AI Fundamentals, Certified Artificial Intelligence Practitioner (CAIP)"
Principle Engineer in Big Data,"Big Data Architecture, Hadoop, Spark, Kafka, Data Warehousing, Cloud Computing, Data Governance, Mentoring, Innovation","Cloudera Certified Professional (CCP), Google Cloud Professional Data Engineer"
Principle Engineer in Data Analysis,"Data Analysis, Statistics, SQL, Python, Data Visualization, Data Modeling, Mentoring, Innovation","Certified Analytics Professional (CAP), Microsoft Certified: Data Analyst Associate"
Principle Engineer in Machine Learning,"Machine Learning, Deep Learning, Python, TensorFlow, Cloud Computing, Model Deployment, Mentoring, Innovation","Google Cloud Professional Machine Learning Engineer, AWS Certified Machine Learning – Specialty"
Production Support Engineer,"Troubleshooting, Linux, Windows Server, Scripting, Networking, Databases, Monitoring, Automation, ITIL","ITIL Foundation Certification, CompTIA A+"
Puppet Operations Engineer,"Puppet, Ruby, Automation, Configuration Management, Linux, Cloud Computing, AWS, Azure, Infrastructure as Code","Puppet Certification, AWS Certified DevOps Engineer – Professional"
Senior Build and Release Engineer,"CI/CD, Jenkins, Git, Maven, Gradle, Docker, Kubernetes, Automation, Scripting, Linux, Build Tools, Leadership, Mentoring","Certified Jenkins Engineer, AWS Certified DevOps Engineer – Professional"
Senior Build Engineer,"Maven, Gradle, Ant, Jenkins, CI/CD, Git, Build Automation, Scripting, Linux, Version Control, Leadership, Mentoring","Jenkins Certification, AWS Certified Developer – Associate"
Senior DevOps Engineer,"Docker, Kubernetes, CI/CD, AWS, Azure, Linux, Terraform, Ansible, Jenkins, Git, Automation, Networking, Python, Cloud Computing, Leadership","AWS Certified DevOps Engineer – Professional, Docker Certified Associate"
Site Reliability Engineer (Kubernetes – Docker),"SRE, Kubernetes, Docker, Linux, Cloud Computing, Monitoring, Automation, CI/CD, Networking, Troubleshooting","Certified Kubernetes Administrator (CKA), Docker Certified Associate"
Splunk Engineer,"Splunk, Data Analysis, Log Management, Security, Dashboards, Alerting, Scripting, Linux, AWS, Azure","Splunk Core Certified Power User, Splunk Enterprise Security Admin"
.NET Developer,".NET, C#, ASP.NET, SQL Server, Web API, MVC, Entity Framework, LINQ, Git, Cloud Computing","Microsoft Certified: .NET Developer, MCP: Programming in C#"
ACCESSIBILITY SPECIALIST,"WCAG, ARIA, Accessibility Testing, Assistive Technologies, HTML, CSS, JavaScript, UI/UX, ADA Compliance","IAAP CPACC, W3C Web Accessibility Specialist"
AGILE PROJECT MANAGER,"Agile Methodologies, Scrum, Kanban, Project Management, Stakeholder Management, Communication, Jira, Confluence","Project Management Professional (PMP), Certified ScrumMaster (CSM)"
Android Developer,"Android SDK, Java, Kotlin, UI/UX Design, REST APIs, SQL, Android Studio, Firebase, Mobile Development","Associate Android Developer, Google Play Store Certification"
Ansible Automation Engineer,"Ansible, Automation, Infrastructure as Code, Cloud Computing, AWS, Azure, Linux, Python, Scripting, Networking","Red Hat Ansible Automation Certification, AWS Certified DevOps Engineer - Professional"
AppDynamics Engineer,"AppDynamics, Application Performance Monitoring, Troubleshooting, Java, .NET, Cloud Computing, Metrics, Alerting","AppDynamics Certification, Cisco Application Centric Infrastructure (ACI)"
Application Security Engineer,"Application Security, SAST, DAST, Penetration Testing, Vulnerability Management, OWASP, Secure Coding, Cloud Security","Certified Information Systems Security Professional (CISSP), Certified Ethical Hacker (CEH)"
Artifactory Engineer,"Artifactory, CI/CD, Jenkins, Maven, Gradle, Docker, Build Automation, Version Control, Git, Cloud Computing, Linux","JFrog Artifactory Certification, DevOps Institute Certifications"
AWS DevOps Engineer,"AWS, DevOps, CI/CD, Terraform, Ansible, CloudFormation, Docker, Kubernetes, Linux, Automation, Scripting","AWS Certified DevOps Engineer - Professional, Docker Certified Associate"
AWS Solutions Architect,"AWS, Cloud Architecture, AWS Lambda, EC2, S3, CloudFormation, DevOps, Terraform, Security, Cloud Security, Networking","AWS Certified Solutions Architect - Associate, AWS Certified Solutions Architect - Professional"
Azure DevOps Engineer,"Azure, DevOps, CI/CD, Terraform, Ansible, ARM Templates, Docker, Kubernetes, Linux, Automation, Scripting","Microsoft Certified: Azure DevOps Solutions Expert, Azure Fundamentals"
Bamboo Engineer,"Bamboo, CI/CD, Atlassian Suite, Automation, Scripting, Build Automation, Version Control, Git","Atlassian Bamboo Certification, CI/CD Certifications"
Bitbucket Engineer,"Bitbucket, Git, Version Control, CI/CD, Atlassian Suite, Branching Strategies, Code Review","Atlassian Bitbucket Certification, GitHub Proficiency Certifications"
Blockchain Developer,"Blockchain, Ethereum, Smart Contracts, Solidity, Cryptocurrency, Distributed Ledger, Consensus Algorithms, Web3, JavaScript, Node.js","Certified Blockchain Developer, Ethereum Developer Certification"
BUSINESS SYSTEMS ANALYST,"Business Analysis, Requirements Gathering, Process Improvement, Stakeholder Management, SQL, Data Analysis, UML, BPMN","CBAP - Certified Business Analysis Professional, PMI-PBA - PMI Professional in Business Analysis"
C# Developer,"C#, .NET, ASP.NET, SQL Server, Web API, MVC, Entity Framework, LINQ, Git, Cloud Computing","Microsoft Certified: C# Programmer, .NET Framework Certification"
Chef InSpec Engineer,"Chef InSpec, Compliance as Code, Automation, Security, Configuration Management, Linux, Cloud Computing","Chef InSpec Certification, HashiCorp Terraform Associate"
Cloud administrator,"Cloud Computing, AWS, Azure, Google Cloud, Linux, Networking, Security, Automation, Scripting, Virtualization","CompTIA Cloud+, Cloud Security Alliance CCSK"
CLOUD ARCHITECT,"Cloud Architecture, AWS, Azure, Google Cloud, Terraform, Cloud Security, Networking, Microservices, CI/CD, Automation, Docker, Kubernetes","Google Cloud Professional Cloud Architect, AWS Certified Solutions Architect"
Cloud automation engineer,"Cloud Computing, Automation, Terraform, Ansible, Python, Scripting, CI/CD, AWS, Azure, Google Cloud","HashiCorp Terraform Associate, Azure Automation Certifications"
Cloud engineer,"Cloud Computing, AWS, Azure, Google Cloud, Linux, Networking, Security, Automation, Scripting, Virtualization","Google Cloud Associate Cloud Engineering, CompTIA Cloud+"
Cloud network engineer,"Cloud Networking, AWS, Azure, Google Cloud, VPC, Subnets, Routing, Security Groups, Firewalls","Cisco CCNA Cloud, Cisco CCNP Cloud"
Cloud Security Engineer,"Cloud Security, IAM, Identity and Access Management, Encryption, AWS, Azure, GCP, Vulnerability Management, Compliance","Certified Cloud Security Professional (CCSP), CompTIA Security+"
CNC Programmer,"CNC Programming, G-Code, CAD/CAM, Machining, Manufacturing Processes, Blueprints, Toolpath Optimization","CNC Programming Certificate, Mastercam Certification"
Coder,"Programming, Algorithms, Data Structures, Problem Solving, Debugging, Software Development","CompTIA IT Fundamentals+, Coding Bootcamp Certificates"
COMPUTER GRAPHICS ANIMATOR,"3D Animation, 2D Animation, Motion Graphics, Adobe Creative Suite, Maya, Blender, Storyboarding, Visual Effects","Adobe Creative Suite Certifications, Maya Certifications"
Computer Hardware Engineer,"Hardware Design, Circuit Design, Embedded Systems, Microprocessors, PCB Design, Testing, Validation","CompTIA A+, Cisco CCNA"
Computer Network Architect,"Network Design, Routing, Switching, Security, LAN/WAN, TCP/IP, VPN, Firewalls, Cloud Networking","Cisco CCNP Network Design, Cisco CCIE Routing and Switching"
Computer Programmer,"Programming, Algorithms, Data Structures, Debugging, Software Development, Python, Java, C++","Oracle Java Programmer Certification, Microsoft Technology Associate (MTA)"
Computer Research Scientist,"Research Methods, Data Analysis, Algorithms, Machine Learning, Publications, Scientific Writing, Programming","Certified Data Scientist (CDS), IEEE Certified Artificial Intelligence Engineer"
Computer Systems Analyst,"System Analysis, Requirements Gathering, Data Analysis, Process Improvement, UML, SQL, Stakeholder Management","Certified Business Analysis Professional (CBAP), ITIL Foundation Certification"
Confluence Engineer,"Confluence, Atlassian Suite, Collaboration, Documentation, Workflow Configuration, User Management","Atlassian Confluence Certification, AgilePM Certification"
Consul Engineer,"Consul, Service Discovery, Configuration Management, Networking, Automation, Cloud Computing","HashiCorp Certified: Consul Associate, Cloud Security Alliance CCSK"
Coverage.py Engineer,"Coverage.py, Python, Testing, Code Coverage, Quality Assurance, CI/CD","Python Institute Certifications, Certified Software Development Professional (CSDP)"
DATA ANALYST,"SQL, Excel, Data Visualization, Power BI, Python, R, Statistics, Data Mining, Data Cleansing, Tableau, ETL, Data Modeling","Microsoft Certified: Data Analyst Associate, Google Data Analytics Professional Certificate"
Data Engineer,"SQL, ETL, Data Warehousing, Python, Spark, Hadoop, Cloud Computing, Data Pipelines, Data Modeling","Google Cloud Professional Data Engineer, AWS Certified Big Data – Specialty"
DATA MODELER,"Data Modeling, SQL, Data Warehousing, Database Design, ER Diagrams, Data Governance","IBM Certified Data Modeler, Data Management Association (DAMA) CDMP"
DATA SCIENTIST,"Python, R, Machine Learning, Data Science, Statistics, SQL, Hadoop, Spark, Data Wrangling, Data Visualization, Cloud Computing","Certified Analytics Professional (CAP), Microsoft Certified: Azure Data Scientist Associate"
Database Administrator,"SQL, Database Management, MySQL, PostgreSQL, Oracle, Database Design, Performance Tuning, Backup and Recovery","Oracle Database SQL Certified Associate, Microsoft Certified: Azure Database Administrator Associate"
Datadog Engineer,"Datadog, Monitoring, Alerting, Metrics, Dashboards, Cloud Computing, Linux, Troubleshooting","Datadog Monitoring Certification, AWS Certified DevOps Engineer – Professional"
Developer,"Programming, Algorithms, Data Structures, Debugging, Software Development, Python, Java, C++","CompTIA IT Fundamentals+, .NET Developer Certification"
DevOps Architect,"Cloud Computing, AWS, Azure, Google Cloud, Docker, Kubernetes, Terraform, Ansible, CI/CD, Automation, Security, Networking","AWS Certified Solutions Architect – Professional, Google Cloud Professional DevOps Engineer"
DevOps Engineer,"Docker, Kubernetes, CI/CD, AWS, Azure, Linux, Terraform, Ansible, Jenkins, Git, Automation, Networking, Python, Scripting, Cloud Computing","AWS Certified DevOps Engineer – Professional, Docker Certified Associate"
DEVOPS MANAGER,"DevOps, Team Management, Project Management, CI/CD, Cloud Computing, Automation, Communication, Leadership, Budgeting","Project Management Professional (PMP), Certified ScrumMaster (CSM)"
DevSecOps Architect,"DevSecOps, Cloud Security, Kubernetes, Docker, Terraform, Ansible, CI/CD, Security Automation, Vulnerability Management","Certified Information Systems Security Professional (CISSP), DevSecOps Foundation Certification"
DevSecOps Engineer,"DevSecOps, Kubernetes, Docker, Cloud Security, Penetration Testing, Continuous Security, CI/CD, AWS, Terraform, Vulnerability Scanning","Certified DevSecOps Practitioner, AWS Certified Security – Specialty"
Director of Engineering,"Team Management, Project Management, Software Development, Agile Methodologies, Budgeting, Communication, Leadership","Project Management Professional (PMP), Executive Leadership Programs"
Docker Engineer,"Docker, Containerization, Kubernetes, CI/CD, Linux, Cloud Computing, Automation, Networking","Docker Certified Associate, AWS Certified Solutions Architect"
ELK Engineer,"Elasticsearch, Logstash, Kibana, Data Visualization, Log Management, Linux, AWS, Azure, Networking, Security","Elastic Certified Engineer, Elastic Stack Certification"
Embedded Software Engineer,"Embedded C, RTOS, Microcontrollers, Firmware Development, Hardware Design, Communication Protocols, Testing","Certified Embedded Systems Engineer (CESE), Embedded C Programming Certification"
Entry Level Developer,"JavaScript, Java, Python, Git, SQL, HTML, CSS, Data Structures, Algorithms","CompTIA IT Fundamentals+, Coding Bootcamp Certificates"
Entry Level Network Engineer,"Networking, TCP/IP, Routing, Switching, Linux, Windows Server, Troubleshooting","Cisco CCNA Routing and Switching, CompTIA Network+"
Entry Level Programmer,"Programming, Algorithms, Data Structures, Python, Java, C++, Debugging","CompTIA IT Fundamentals+, Coding Bootcamp Certificates"
Entry Level Software Developer,"JavaScript, Java, Python, Git, SQL, HTML, CSS, Data Structures, Algorithms","CompTIA IT Fundamentals+, Coding Bootcamp Certificates"
Entry Level Software Engineer,"JavaScript, Java, Python, Git, SQL, HTML, CSS, Data Structures, Algorithms","CompTIA IT Fundamentals+, Coding Bootcamp Certificates"
Entry Level Web Developer,"HTML, CSS, JavaScript, Git, Web Development Fundamentals, UI/UX Basics","HTML/CSS/JavaScript Certifications, Coding Bootcamp Certificates"
Envoy Engineer,"Envoy, Service Mesh, Networking, Kubernetes, Docker, Cloud Computing, Traffic Management, Security","Service Mesh Certifications, Cloud Native Computing Foundation Certifications"
Falco Engineer,"Falco, Security, Kubernetes, Docker, Cloud Computing, Threat Detection, System Monitoring","Cloud Native Security Certifications, Kubernetes Security Specialist Certification"
FluentD Engineer,"FluentD, Log Management, Data Collection, Data Processing, Elasticsearch, Kibana, Cloud Computing","FluentD Certification (if available), Cloud Native Computing Foundation Certifications"
Fortify Engineer,"Fortify, Static Code Analysis, Security, Vulnerability Management, Software Development, Java, .NET","Fortify Software Security Center Certification, Certified Ethical Hacker (CEH)"
FRAMEWORKS SPECIALIST,"React, Angular, Vue.js, Spring Framework, Django, Framework Development, JavaScript, Java, Python","Framework-Specific Certifications (e.g., React, Angular), Agile Methodologies Certifications"
Front End Developer,"JavaScript, HTML, CSS, React, Angular, Vue.js, Node.js, TypeScript, Sass, UI/UX Design","JavaScript Developer Certificate, Front-End Web Developer Nanodegree"
Front End Web Developer,"JavaScript, HTML, CSS, React, Angular, Vue.js, Node.js, TypeScript, Sass, UI/UX Design","JavaScript Developer Certificate, Front-End Web Developer Nanodegree"
Full Stack Developer,"JavaScript, HTML, CSS, Node.js, React, Angular, Express.js, MongoDB, SQL, Python, Django, DevOps, CI/CD","Full Stack Web Development Bootcamp, JavaScript Developer Certificate"
Full Stack JAVA Developer/Programmer/Engineer,"Java, Spring Framework, Hibernate, J2EE, SQL, REST APIs, JUnit, Maven, Git, Jenkins, Cloud Computing, Microservices, JavaScript, HTML, CSS, React","Oracle Java Programmer Certification, Spring Framework Certification"
Full Stack Python Developer/Programmer/Engineer,"Python, Django, Flask, REST APIs, SQL, Data Structures, Algorithms, Cloud Computing, Linux, Docker, Git, JavaScript, HTML, CSS, React","Python Institute Certifications, Django for Everybody Specialization"
Game Developer,"Unity, C++, Game Design, Game Engines, C#, VR Development, JavaScript, Unreal Engine","Unity Certified Developer, Game Design and Development Specialization"
GCP DevOps Engineer,"Google Cloud, DevOps, CI/CD, Terraform, Ansible, Docker, Kubernetes, Linux, Automation, Scripting","Google Cloud Professional DevOps Engineer, Google Cloud Associate Cloud Engineer"
Gerrit Engineer,"Gerrit, Git, Code Review, Linux, Automation, Scripting, Version Control","Gerrit Code Review Certification (if available), GitHub Proficiency Certifications"
Git Engineer,"Git, Version Control, Branching Strategies, Code Review, CI/CD, Automation, Scripting","GitHub Proficiency Certifications, GitLab Certifications"
Github Engineer,"GitHub, Git, Version Control, CI/CD, Automation, Scripting, GitHub Actions","GitHub Proficiency Certifications, GitLab Certifications"
GitLab Engineer,"GitLab, Git, Version Control, CI/CD, Automation, Scripting, GitLab CI","GitLab Certified Associate, GitLab CI/CD Certification"
Gradle Engineer,"Gradle, Build Automation, Java, Groovy, CI/CD, Version Control, Git","Gradle Certification, Java Developer Certification"
Grafana Engineer,"Grafana, Data Visualization, Monitoring, Alerting, Metrics, Dashboards, Linux, Cloud Computing","Grafana Certified Associate, Monitoring and Observability Certifications"
Groovy Engineer,"Groovy, Scripting, Jenkins, Automation, Java, Build Automation","Groovy Certification, Java Developer Certification"
INFORMATION ARCHITECT,"Information Architecture, UI/UX Design, User Research, Wireframing, Prototyping, Content Strategy","Certified Information Architect (CIA), User Experience Professional Certification"
Information Security Analyst,"Security, Network Security, Firewalls, IDS/IPS, Vulnerability Management, Penetration Testing, Security Auditing","Certified Information Systems Security Professional (CISSP), Certified Ethical Hacker (CEH)"
INTERACTION DESIGN
ER,"Interaction Design, UI/UX Design, Prototyping, User Research, Wireframing, Usability Testing","Interaction Design Foundation Certifications, Certified Usability Analyst (CUA)"
IOS Developer,"Swift, Objective-C, iOS SDK, XCode, UI/UX Design, REST APIs, SQL, Mobile Development","Apple Certified iOS Developer, iOS App Development Bootcamp"
Istio Engineer,"Istio, Service Mesh, Kubernetes, Docker, Cloud Computing, Networking, Traffic Management, Security","Istio Certification (if available), Cloud Native Computing Foundation Certifications"
IT Manager,"Project Management, Team Leadership, Agile Methodologies, Budgeting, IT Infrastructure, Networking, Cloud Computing, Cybersecurity","Project Management Professional (PMP), ITIL Foundation Certification"
JaCoCO Engineer,"JaCoCO, Code Coverage, Java, Testing, Quality Assurance, CI/CD","Java Developer Certification, JUnit Certification"
Java Developer,"Java, Spring Framework, Hibernate, J2EE, SQL, REST APIs, JUnit, Maven, Git, Jenkins, Cloud Computing, Microservices","Oracle Certified Professional, Java SE Programmer, Spring Framework Certification"
JavaScript Developer,"JavaScript, HTML, CSS, React, Angular, Vue.js, Node.js, TypeScript, Sass, UI/UX Design","JavaScript Developer Certificate, Certified JavaScript Developer"
Jenkins Engineer,"Jenkins, CI/CD, Automation, Groovy, Scripting, Linux, Docker, Kubernetes, Build Automation, Version Control","Certified Jenkins Engineer, AWS Certified DevOps Engineer – Professional"
JIRA Engineer,"Jira, Atlassian Suite, Agile Methodologies, Workflow Configuration, User Management, Project Management","Atlassian Jira Administration Certification, AgilePM Certification"
Jr Developer,"JavaScript, Java, Python, Git, SQL, HTML, CSS, Data Structures, Algorithms","CompTIA IT Fundamentals+, Coding Bootcamp Certificates"
Junior Developer,"JavaScript, Java, Python, Git, SQL, HTML, CSS, Data Structures, Algorithms","CompTIA IT Fundamentals+, Coding Bootcamp Certificates"
Junior Front End Developer,"JavaScript, HTML, CSS, React, Vue.js, Git, UI/UX Basics","HTML/CSS/JavaScript Certifications, Front-End Web Development Bootcamp"
Junior IOS Developer,"Swift, Objective-C, iOS SDK, XCode, UI/UX Basics, Git","Apple Certified iOS Developer, iOS App Development Bootcamp"
Junior Software Developer,"JavaScript, Java, Python, Git, SQL, HTML, CSS, Data Structures, Algorithms","CompTIA IT Fundamentals+, Coding Bootcamp Certificates"
Junior Software Engineer,"JavaScript, Java, Python, Git, SQL, HTML, CSS, Data Structures, Algorithms","CompTIA IT Fundamentals+, Coding Bootcamp Certificates"
Junior Web Developer,"HTML, CSS, JavaScript, Git, Web Development Fundamentals, UI/UX Basics","HTML/CSS/JavaScript Certifications, Front-End Web Development Bootcamp"
JUnit Engineer,"JUnit, Java, Testing, Unit Testing, Test Automation, CI/CD","JUnit Certification, Java Developer Certification"
kubernetes Administrator,"Kubernetes, Docker, Linux, Cloud Computing, AWS, Azure, Networking, CI/CD, Automation, Security",Certified Kubernetes Administrator (CKA)/Certified Kubernetes Security Specialist (CKS)/AWS Certified Kubernetes Specialist /Red Hat Certified Specialist in OpenShift 
Kubernetes Engineer,"Kubernetes, Docker, Linux, Cloud Computing, AWS, Azure, Networking, CI/CD, Automation, Security","Certified Kubernetes Administrator (CKA), Docker Certified Associate"
Machine Learning Engineer,"Python, Machine Learning, TensorFlow, Keras, PyTorch, Data Analysis, Deep Learning, Natural Language Processing, Computer Vision, Data Science, Algorithms","Microsoft Certified: Azure Data Scientist Associate, TensorFlow Developer Certificate"
MAVEN Engineer,"Maven, Java, Build Automation, Dependency Management, CI/CD, Version Control, Git","Maven Certification, Java Developer Certification"
Micro services / API Lead Designer,"Microservices, API Design, REST APIs, SOA, Cloud Computing, Java, Python, Security","AWS Certified Solutions Architect/Google Professional Cloud Architect, Microsoft Certified-Azure Solutions Architect Expert/API Design & Management certifications "
MOBILE APP DEVELOPER,"Android SDK, Java, Kotlin, iOS, Swift, Objective-C, React Native, Flutter, Mobile Development, UI/UX Design","Google Associate Android Developer, Apple Certified iOS Developer"
Mobile Application Developer,"Android SDK, Java, Kotlin, iOS, Swift, Objective-C, React Native, Flutter, Mobile Development, UI/UX Design","Google Associate Android Developer, Apple Certified iOS Developer"
Mulesoft Developer,"MuleSoft, Anypoint Platform, API Development, Integration, Java, REST APIs, SOA","MuleSoft Certified Developer, MuleSoft Certified Architect"
Nagios Engineer,"Nagios, Monitoring, Linux, Scripting, Alerting, System Administration, Networking","Nagios Core Administration Certification, Linux Administration Certifications"
Network and Systems Administrator,"Networking, Linux, Windows Server, Troubleshooting, Scripting, Automation, System Administration","CompTIA Network+, Cisco CCNA"
Network Engineer,"TCP/IP, LAN/WAN, Routing, Switching, Firewalls, VPN, Cisco, Security, Networking Protocols","Cisco CCNA, CompTIA Network+"
New Grad Software Engineer,"JavaScript, Java, Python, Git, SQL, HTML, CSS, Data Structures, Algorithms","CompTIA IT Fundamentals+, Coding Bootcamp Certificates"
New Relic Engineer,"New Relic, Application Performance Monitoring, Troubleshooting, Java, .NET, Cloud Computing, Metrics, Alerting","New Relic Monitoring and Observability Certifications, AWS Certified DevOps Engineer – Professional"
Nexus Engineer,"Nexus, Artifact Repository, Maven, Gradle, Docker, CI/CD, Build Automation","Nexus Repository Manager Certification, DevOps Institute Certifications"
Nomad Engineer,"Nomad, Container Orchestration, Docker, Linux, Cloud Computing, Automation, Networking","HashiCorp Certified: Nomad Associate, Cloud Native Computing Foundation Certifications"
Notary Engineer,"Notary, Security, Docker, Container Security, Cryptography, Trust Management","Notary Security Certifications, Docker Security Certifications"
Octopus Deploy Engineer,"Octopus Deploy, Deployment Automation, CI/CD, .NET, PowerShell, Scripting, Cloud Computing","Octopus Deploy Certification, CI/CD Certifications"
OpenShift Engineer,"OpenShift, Kubernetes, Docker, Linux, Cloud Computing, CI/CD, Automation, Security","Red Hat OpenShift Administration Certification, Kubernetes Administrator Certification"
OpenStack Engineer,"OpenStack, Cloud Computing, Virtualization, Networking, Linux, Automation, Scripting","OpenStack Administrator Certification, Cloud Infrastructure Certifications"
Oracle Developer,"Oracle, SQL, PL/SQL, Database Design, Performance Tuning, ETL","Oracle Certified Professional, Java SE Programmer, Oracle Database SQL Certified Associate"
Oracle SQL Developer,"Oracle SQL Developer, SQL, PL/SQL, Database Development, Performance Tuning, ETL","Oracle SQL Certified Associate, Oracle Database SQL Expert"
Packer Engineer,"Packer, Infrastructure as Code, Cloud Computing, Automation, AWS, Azure, Google Cloud","HashiCorp Certified: Packer Associate, Infrastructure as Code Certifications"
PHP Developer,"PHP, MySQL, Laravel, JavaScript, CSS, HTML, RESTful APIs, Symfony, Git","Zend Certified PHP Engineer, PHP Framework Certifications"
Powershell Engineer,"PowerShell, Scripting, Automation, Windows Server, Cloud Computing, Active Directory","Microsoft Certified: Azure Administrator Associate, Windows PowerShell Training"
PRODUCT MANAGER,"Product Management, Agile Methodologies, User Research, Roadmap Planning, Stakeholder Management, Communication","Certified Scrum Product Owner (CSPO), Product Management Professional (PMP)"
Programmer,"Programming, Algorithms, Data Structures, Debugging, Software Development, Python, Java, C++","CompTIA IT Fundamentals+, Microsoft Certified: Azure Fundamentals, Oracle Certified Associate (OCA) in Java/Python, AWS Certified Developer - Associate"
Programmer Analyst,"Programming, Data Analysis, Requirements Gathering, SQL, Data Modeling, Process Improvement"," CompTIA IT Fundamentals+, Microsoft Certified: Azure Fundamentals, Oracle Certified Associate (OCA) in Java/Python, AWS Certified Developer - Associate"
Prometheus Engineer,"Prometheus, Monitoring, Alerting, Metrics, Kubernetes, Docker, Cloud Computing","Certified Kubernetes Administrator (CKA), Grafana Cloud Monitoring Certification, Prometheus Certified Associate (PCA) "
Puppet Engineer,"Puppet, Ruby, Automation, Configuration Management, Linux, Cloud Computing, AWS, Azure, Infrastructure as Code","Puppet Certified Professional, Red Hat Certified Specialist in Configuration Management, AWS Certified DevOps Engineer"
PyTest Engineer,"PyTest, Python, Testing, Unit Testing, Test Automation, CI/CD","ISTQB Certified Tester, Certified Python Developer (PCAP, PCPP), Selenium WebDriver with Python Certification"
Python Developer,"Python, Django, Flask, REST APIs, SQL, Data Structures, Algorithms, Cloud Computing, Linux, Docker, Git","Microsoft Certified: Python Programming, Google Professional Data Engineer, AWS Certified Developer - Associate, PCAP (Certified Associate in Python Programming)"
QA Engineer,"Automation Testing, Selenium, JUnit, TestNG, CI/CD, Python, Git, Jenkins, Test Automation, Agile Testing, Performance Testing","ISTQB Foundation Level, Certified Software Quality Analyst (CSQA), Certified Software Test Engineer (CSTE)"
React Developer,"JavaScript, React, HTML, CSS, Node.js, Redux, UI/UX Design, Git","Meta Front-End Developer Certificate, React Nanodegree (Udacity), AWS Certified Developer - Associate"
Robotics Engineer,"Robotics, C++, Python, ROS, Embedded Systems, Control Systems, Sensors, Actuators","Certified LabVIEW Developer (CLD), ROS (Robot Operating System) Certification, Siemens Mechatronic Systems Certification"
RUBY ON RAILS DEVELOPER,"Ruby on Rails, Ruby, SQL, HTML, CSS, JavaScript, REST APIs, Git","Ruby Association Certified Ruby Programmer, AWS Certified Developer - Associate"
Salesforce Developer,"Salesforce, Apex, Visualforce, Lightning, SOQL, Salesforce Administration, REST APIs","Salesforce Certified Platform Developer I & II, Salesforce Certified Administrator"
Search Engine Optimization,"SEO, Keyword Research, On-Page Optimization, Off-Page Optimization, Content Marketing, Analytics","Google Analytics Certification, HubSpot Content Marketing Certification, SEMrush SEO Fundamentals Certification"
SECURITY SPECIALIST,"Security, Network Security, Firewalls, IDS/IPS, Vulnerability Management, Penetration Testing, Security Auditing","Certified Ethical Hacker (CEH), CISSP (Certified Information Systems Security Professional), CompTIA Security+, OSCP (Offensive Security Certified Professional)"
Selenium Engineer,"Selenium, Test Automation, Java, Python, WebDriver, CI/CD, Testing Frameworks","ISTQB Advanced Test Automation Engineer, Certified Selenium Professional, Test Automation Engineer (TAE) Certification"
Senior Ansible Development Engineer,"Ansible, Automation, Infrastructure as Code, Cloud Computing, AWS, Azure, Linux, Python, Scripting, Networking, Leadership","Red Hat Certified Specialist in Ansible Automation, AWS Certified DevOps Engineer - Professional"
Senior Cloud Architect,"Cloud Architecture, AWS, Azure, Google Cloud, Microservices, Kubernetes, Docker, Security, Leadership","AWS Certified Solutions Architect - Professional, Google Professional Cloud Architect, Microsoft Certified: Azure Solutions Architect Expert"
Senior DevOps Architect,"Cloud Computing, AWS, Azure, Google Cloud, Docker, Kubernetes, Terraform, Ansible, CI/CD, Automation, Security, Networking, Leadership","AWS Certified DevOps Engineer - Professional, Google Professional Cloud DevOps Engineer, Certified Kubernetes Administrator (CKA)"
Senior DevOps Engineer,"Docker, Kubernetes, CI/CD, AWS, Azure, Linux, Terraform, Ansible, Jenkins, Git, Automation, Networking, Python, Cloud Computing, Leadership","AWS Certified DevOps Engineer – Professional, Docker Certified Associate"
Senior DevSecOps Architect,"DevSecOps, Cloud Security, Kubernetes, Docker, Terraform, Ansible, CI/CD, Security Automation, Vulnerability Management, Leadership","Certified DevSecOps Professional (CDP), AWS Certified Security - Specialty, Certified Kubernetes Security Specialist (CKS)"
Senior SRE Architect,"SRE, Monitoring, Kubernetes, Docker, Cloud Platforms, Linux, Automation, DevOps, CI/CD, Python, Networking, Leadership","Google Professional Cloud DevOps Engineer, Certified Kubernetes Administrator (CKA), AWS Certified Solutions Architect - Professional"
Senior SRE Engineer,"SRE, Monitoring, Kubernetes, Docker, Cloud Platforms, Linux, Automation, DevOps, CI/CD, Python, Networking, Leadership","Google Professional Cloud DevOps Engineer, Certified Kubernetes Administrator (CKA), AWS Certified Solutions Architect - Professional"
Sharepoint Developer,"SharePoint, .NET, C#, JavaScript, PowerShell, SharePoint Framework, REST APIs","Microsoft Certified: SharePoint Developer, Microsoft 365 Certified: Developer Associate"
Software Developer,"Programming, Algorithms, Data Structures, Debugging, Software Development, Python, Java, C++","Microsoft Certified: Azure Developer Associate, AWS Certified Developer - Associate, Oracle Certified Professional Java SE Developer"
Software Engineer,"Java, C++, Python, Algorithms, Data Structures, Software Design, Git, Jenkins, CI/CD, Cloud Computing","Microsoft Certified: Azure Developer Associate, AWS Certified Developer - Associate, Oracle Certified Professional Java SE Developer"
SonarQube Engineer,"SonarQube, Code Quality, Static Code Analysis, Java, .NET, Security, CI/CD","Certified Secure Software Lifecycle Professional (CSSLP), OWASP Top 10 Security Testing Certifications"
Splunk Engineer,"Splunk, Data Analysis, Log Management, Security, Dashboards, Alerting, Scripting, Linux, AWS, Azure","Splunk Core Certified Power User, Splunk Enterprise Security Admin"
Splunk Enterprise Security Engineer,"Splunk Enterprise Security, Security Information and Event Management (SIEM), Threat Detection, Incident Response, Security Analysis","Splunk Core Certified User, Splunk Core Certified Power User, Splunk Enterprise Security Certified Admin"
SQL Developer,"SQL, T-SQL, SQL Server, Database Design, Performance Tuning, ETL, SSRS, SSIS, Data Modeling","Microsoft Certified: Azure Data Engineer Associate, Oracle Database SQL Certified Associate"
SRE Architect,"SRE, Cloud Architecture, Kubernetes, Docker, Monitoring, Incident Management, Automation, CI/CD, Networking","Google Professional Cloud DevOps Engineer, Certified Kubernetes Administrator (CKA), AWS Certified Solutions Architect - Professional"
SRE Engineer,"SRE, Monitoring, Kubernetes, Docker, Cloud Platforms, Linux, Automation, DevOps, CI/CD, Python","Google Professional Cloud DevOps Engineer, Certified Kubernetes Administrator (CKA), AWS Certified Solutions Architect - Professional"
SYSTEMS ADMINISTRATOR,"Linux Administration, Windows Server Administration, Networking, Troubleshooting, Scripting, Virtualization","CompTIA Linux+, Red Hat Certified System Administrator (RHCSA), Microsoft Certified: Windows Server Hybrid Administrator Associate"
SYSTEMS ENGINEER,"Systems Design, Linux Administration, Windows Server Administration, Networking, Cloud Computing","CompTIA Server+, Microsoft Certified: Azure Solutions Architect Expert, Red Hat Certified Engineer (RHCE)"
TeamCity Engineer,"TeamCity, CI/CD, Build Automation, Version Control, Git","JetBrains TeamCity Certification (if available), AWS Certified DevOps Engineer - Professional"
Tech Sales Engineer,"Technical Sales, Product Knowledge, Customer Engagement, Networking Technologies","AWS Certified Cloud Practitioner, Google Cloud Digital Leader, Microsoft Certified: Azure Fundamentals"
TECHNICAL ACCOUNT MANAGER,"Account Management, Technical Support, Customer Relationship Management (CRM), Project Management","AWS Certified Solutions Architect - Associate, Google Professional Cloud Architect, Microsoft Certified: Azure Administrator Associate"
TECHNICAL LEAD,"Team Leadership, Project Management, Software Development Lifecycle (SDLC), Agile Methodologies","AWS Certified Solutions Architect - Professional, Microsoft Certified: Azure Solutions Architect Expert, Google Professional Cloud Architect"
Terraform Engineer,"Terraform, Infrastructure as Code (IaC), AWS, Azure, Google Cloud","HashiCorp Certified: Terraform Associate, AWS Certified DevOps Engineer - Professional"
TFS Engineer,"TFS (Team Foundation Server), .NET Development Tools, .NET Framework","Microsoft Certified: DevOps Engineer Expert, Azure DevOps Solutions Certification"
UDeploy Engineer,"UDeploy (UrbanCode Deploy), CI/CD, Automation, Deployment Strategies, Version Control"," IBM UrbanCode Deploy Certification, AWS Certified DevOps Engineer - Professional"
UI DESIGNER,"UI Design Principles, Wireframing, Prototyping, Adobe Creative Suite, Figma, User Testing","Google UX Design Professional Certificate, Nielsen Norman Group UX Certification, Adobe Certified Expert (ACE)"
UI Developer,"HTML5, CSS3, JavaScript, jQuery, Responsive Design, AngularJS, ReactJS","Meta Front-End Developer Certificate, AWS Certified Developer - Associate, React Nanodegree (Udacity)"
Unity Developer,"Unity3D Engine, C#, Game Development Principles, 3D Modeling, Animation","Unity Certified Associate: Game Developer, Unity Certified Expert Programmer"
UX DESIGNER,"User Experience Design Principles, User Research, Wireframing, Prototyping, Usability Testing, Interaction Design","Google UX Design Professional Certificate, Nielsen Norman Group UX Certification, Adobe Certified Expert (ACE)"
Vault Engineer,"HashiCorp Vault, Secrets Management, Encryption, Access Control, Cloud Security"," HashiCorp Certified: Vault Associate, AWS Certified Security - Specialty"
Web Designer (UI/UX Designer),"UI/UX Design, Wireframing, Prototyping, Adobe Creative Suite, Figma","Google UX Design Certificate, Adobe Certified Expert (ACE), Nielsen Norman Group UX Certification"
Web Developer,"HTML5, CSS3, JavaScript, React, Node.js, AngularJS, PHP","Meta Front-End Developer Certificate, AWS Certified Developer - Associate, Google Mobile Web Specialist"
WordPress Developer,"WordPress, PHP, MySQL, HTML5, CSS3, JavaScript","Yoast SEO Certification, Google Mobile Sites Certification, WP Elevation Certification"
XL Deploy Engineer,"XL Deploy, Deployment Automation, CI/CD, Version Control","XL Deploy Certification, DevOps Institute Certifications"
Zabbix Engineer,"Zabbix, Monitoring Tools, Alerting Systems, Network Monitoring","Zabbix Certified Specialist, Zabbix Certified Professional"
ACCESSIBILITY SPECIALIST,"Web Accessibility Guidelines, HTML, CSS, JavaScript, User Experience Design"," IAAP Certified Professional in Accessibility Core Competencies (CPACC), Web Accessibility Specialist (WAS)"
ADMIN BIG DATA,"Big Data Management, Hadoop, Spark, Data Warehousing, SQL","Cloudera Certified Administrator (CCA), Google Cloud Professional Data Engineer"
AGILE PROJECT MANAGER,"Agile Methodologies, Scrum, Kanban, Project Management Tools, Leadership","PMI Agile Certified Practitioner (PMI-ACP), Certified Scrum Master (CSM), SAFe Agilist Certification"
ANDROID DEVELOPER,"Java, Kotlin, Android SDK, Mobile App Development, UI/UX Design","Google Associate Android Developer, Meta Android Developer Professional Certificate"
ANSIBLE AUTOMATION ENGINEER,"Ansible, Automation Scripts, Linux, Networking, Cloud Computing","Red Hat Certified Specialist in Ansible Automation, AWS Certified DevOps Engineer - Professional"
APPLICATION SECURITY ENGINEER,"Security Protocols, Penetration Testing, Secure Coding Practices, Compliance"," Certified Ethical Hacker (CEH), Certified Information Systems Security Professional (CISSP), Offensive Security Certified Professional (OSCP)"
ARTIFACTORY ADMINISTRATOR,"Artifactory, Repository Management, DevOps Tools, CI/CD Pipelines","JFrog Certified DevOps Engineer, AWS Certified DevOps Engineer - Professional"
ARTIFACTORY ENGINEER,"Artifactory, DevOps Practices, Continuous Integration, Software Packaging","JFrog Certified DevOps Engineer, AWS Certified DevOps Engineer - Professional"
ARTIFICIAL INTELLIGENCE / MACHINE LEARNING LEADER,"AI/ML Frameworks, Leadership, Strategic Planning, Data Science","Google TensorFlow Developer Certificate, Microsoft Certified: Azure AI Engineer Associate, AWS Certified Machine Learning - Specialty"
ARTIFICIAL INTELLIGENCE / MACHINE LEARNING SR.LEADER,"Advanced AI/ML, Leadership, Strategic Vision, Team Management","Google TensorFlow Developer Certificate, Microsoft Certified: Azure AI Engineer Associate, AWS Certified Machine Learning - Specialty"
ARTIFICIAL INTELLIGENCE ARCHITECT,"AI/ML Frameworks, System Architecture, Cloud Computing, Data Modeling","Google Professional Machine Learning Engineer, Microsoft Certified: Azure AI Engineer Associate"
ARTIFICIAL INTELLIGENCE RESEARCHER,"Research Methodologies, AI/ML Algorithms, Python, Data Analysis"," IBM AI Engineering Professional Certificate, Stanford AI Certificate (Online)"
AWS DEVOPS ENGINEER,"AWS Services, DevOps Practices, CI/CD Pipelines, Automation","AWS Certified DevOps Engineer - Professional, AWS Certified Solutions Architect - Associate"
AWS SOLUTIONS ARCHITECT,"AWS Services, Cloud Architecture, Solution Design, Cost Optimization",AWS Certified Solutions Architect - Associate / Professional
AZURE DEVOPS ENGINEER,"Azure Services, DevOps Practices, CI/CD Pipelines, Automation"," Microsoft Certified: DevOps Engineer Expert, Azure Administrator Associate"
BAMBOO ENGINEER,"Bamboo, CI/CD Pipelines, Build Automation, Software Configuration Management","Atlassian Bamboo Certification (if available), AWS Certified DevOps Engineer - Professional"
BIG DATA ARCHITECT,"Big Data Technologies, Hadoop, Spark, Data Warehousing, System Design"," Google Cloud Professional Data Engineer, Cloudera Certified Data Engineer, AWS Certified Big Data - Specialty"
BIG DATA ENGINEER,"Hadoop, Spark, ETL Processes, Data Processing, Database Management"," Google Cloud Professional Data Engineer, Cloudera Certified Data Engineer, AWS Certified Big Data - Specialty"
BIG DATA SPECIALIST,"Big Data Technologies, Data Analysis, SQL, Data Mining"," Google Cloud Professional Data Engineer, Cloudera Certified Data Engineer, AWS Certified Big Data - Specialty"
BITBUCKET ENGINEER,"Bitbucket, Git, Version Control, CI/CD Integration",Atlassian Certified Bitbucket Administrator
BLOCKCHAIN DEVELOPER,"Blockchain Technologies, Solidity, Cryptography, Smart Contracts","Certified Blockchain Developer (CBDE), Ethereum Developer Certification (Consensys Academy)"
BUILD AND RELEASE ENGINEER,"CI/CD Pipelines, Build Systems, Automation, Configuration Management","AWS Certified DevOps Engineer - Professional, Google Cloud DevOps Engineer"
BUILD ENGINEER,"Build Systems, Scripting, Automation, Software Configuration Management","AWS Certified DevOps Engineer - Professional, Google Cloud DevOps Engineer"
BUSINESS SYSTEMS ANALYST,"Requirements Gathering, Process Analysis, System Design, Documentation","IIBA Certified Business Analysis Professional (CBAP), PMI Professional in Business Analysis (PMI-PBA)"
C# DEVELOPER,"C#, .NET Framework, ASP.NET, Software Development, Object-Oriented Programming","Microsoft Certified: Azure Developer Associate, MCSD: App Builder (Retired but relevant)"
CHEF INSPEC ENGINEER,"Chef Inspec, Compliance Automation, Infrastructure Testing, Ruby","Chef Certified Developer, Chef Certified Automation Engineer"
CHEF OPERATIONS ENGINEER,"Chef, Automation, Infrastructure Management, Ruby","Chef Certified Developer, Chef Certified Automation Engineer"
CLOUD ADMINISTRATOR,"Cloud Platforms, System Administration, Virtualization, Networking","AWS Certified SysOps Administrator, Microsoft Certified: Azure Administrator Associate"
CLOUD ARCHITECT,"Cloud Platforms, System Architecture, Cloud Security, DevOps"," AWS Certified Solutions Architect - Professional, Google Professional Cloud Architect"
CLOUD AUTOMATION ENGINEER,"Cloud Automation Tools, Scripting, Configuration Management, DevOps","AWS Certified DevOps Engineer - Professional, HashiCorp Certified Terraform Associate"
CLOUD NETWORK ENGINEER,"Cloud Networking, Virtual Networks, Network Security, Cloud Platforms","Google Professional Cloud Network Engineer, AWS Certified Advanced Networking - Specialty"
CLOUD SECURITY ENGINEER,"Cloud Security, Security Protocols, Compliance, Cloud Platforms","AWS Certified Security - Specialty, Google Professional Cloud Security Engineer"
CNC PROGRAMMER,"CNC Machines, CAD/CAM Software, G-Code, Manufacturing Processes","Siemens NX Certification, Autodesk Fusion 360 CAM Certification"
CODER,"Programming Languages, Scripting, Problem Solving, Software Development","CompTIA IT Fundamentals+, AWS Certified Developer - Associate, Microsoft Certified: Azure Fundamentals"
COMPUTER GRAPHICS ANIMATOR,"Animation Software, 3D Modeling, Visual Effects, Graphic Design","Autodesk Maya Certified User, Adobe Certified Expert (ACE)"
COMPUTER HARDWARE ENGINEER,"Hardware Design, Circuit Design, Embedded Systems, Testing","CompTIA A+, Cisco Certified Technician (CCT), Microsoft Certified: Windows Server Hybrid Administrator Associate"
COMPUTER NETWORK ARCHITECT,"Network Design, Network Protocols, Security, System Architecture","Cisco Certified Network Professional (CCNP), AWS Certified Advanced Networking - Specialty, Juniper Networks Certified Expert (JNCIE)"
COMPUTER PROGRAMMER,"Programming Languages, Algorithms, Software Development, Debugging"," CompTIA IT Fundamentals+, Oracle Certified Associate (OCA) - Java, Microsoft Certified: Azure Developer Associate"
COMPUTER RESEARCH SCIENTIST,"Research Methodologies, Data Analysis, Programming, Scientific Writing","Google TensorFlow Developer Certificate, IBM AI Engineering Professional Certificate"
COMPUTER SYSTEMS ANALYST,"Systems Analysis, Requirements Gathering, Process Improvement, IT Consulting","Certified Information Systems Auditor (CISA), PMI Professional in Business Analysis (PMI-PBA)"
CONFLUENCE ENGINEER,"Confluence, Atlassian Suite, Documentation, Collaboration Tools",Atlassian Confluence Administrator Certification
CONSUL ENGINEER,"Consul, Service Discovery, Infrastructure Automation, Networking",HashiCorp Certified Consul Associate
COVERAGE.PY ENGINEER,"Coverage.py, Python Testing, Test Coverage Analysis, Software Quality",No direct certification; recommended: Python Institute�s PCPP-32-2 (Advanced Python Programming)
DATA ANALYST,"Data Analysis, SQL, Data Visualization, Statistical Analysis","Google Data Analytics Professional Certificate, Microsoft Certified: Power BI Data Analyst Associate"
DATA ARCHITECT,"Data Modeling, Database Design, ETL Processes, Data Warehousing","Google Professional Data Engineer, AWS Certified Data Analytics - Specialty"
DATA ENGINEER,"ETL Processes, Data Warehousing, Big Data Technologies, Database Management","Microsoft Certified: Azure Data Engineer Associate, Databricks Certified Data Engineer"
DATA MODELER,"Data Modeling Techniques, Database Design, Data Governance, Data Analysis","DAMA Certified Data Management Professional (CDMP), IBM Certified Data Architect"
DATA SCIENTIST,"Machine Learning, Statistical Analysis, Data Mining, Programming","IBM Data Science Professional Certificate, AWS Certified Machine Learning - Specialty"
DATABASE ADMINISTRATOR,"Database Management, SQL, Performance Tuning, Backup and Recovery","Oracle Certified Professional (OCP) Database Administrator, Microsoft Certified: Azure Database Administrator Associate"
DATADOG ENGINEER,"Datadog, Monitoring, System Performance, Cloud Infrastructure", Datadog Fundamentals Certification
DEVOPS ARCHITECT,"DevOps Practices, Cloud Computing, Automation, System Architecture","AWS Certified DevOps Engineer - Professional, Google Cloud DevOps Engineer"
DEVOPS ENGINEER,"Automation, CI/CD, Cloud Computing, Scripting","HashiCorp Certified Terraform Associate, Kubernetes Certified Administrator (CKA), AWS Certified DevOps Engineer"
DEVOPS MANAGER,"DevOps Practices, Team Leadership, Project Management, Automation"," SAFe DevOps Practitioner (SDP), AWS Certified DevOps Engineer - Professional"
DEVSECOPS ARCHITECT,"DevSecOps Practices, Security Automation, Cloud Security, System Architecture","Certified DevSecOps Professional (CDP), AWS Certified Security - Specialty"
DEVSECOPS ENGINEER,"Security Automation, CI/CD, Cloud Security, Scripting","Certified Kubernetes Security Specialist (CKS), GIAC Cloud Security Automation (GCSA)"
DIRECTOR OF ENGINEERING,"Leadership, Software Development, Project Management, Team Management","Certified Agile Leadership (CAL), PMI Agile Certified Practitioner (PMI-ACP)"
DOCKER ENGINEER,"Docker, Containerization, Orchestration, DevOps","Docker Certified Associate, Kubernetes Certified Administrator (CKA)"
ELK ENGINEER,"ELK Stack, Log Management, Data Analysis, System Monitoring",Elastic Certified Engineer
EMBEDDED SOFTWARE ENGINEER,"Embedded Systems, C/C++, Firmware Development, Hardware Interfaces","Arm Accredited Engineer (AAE), IEEE Certified Embedded Systems Engineer"
ENTRY LEVEL DEVELOPER,"Programming Basics, Software Development, Problem Solving, Learning Agility","CompTIA IT Fundamentals+, Microsoft Technology Associate (MTA): Software Development Fundamentals"
ENTRY LEVEL NETWORK ENGINEER,"Networking Basics, Troubleshooting, System Administration, Learning Agility","Cisco Certified Network Associate (CCNA), Juniper Networks Certified Associate (JNCIA)"
ENTRY LEVEL PROGRAMMER,"Programming Basics, Software Development, Problem Solving, Learning Agility","Google IT Automation with Python, Microsoft Certified: Azure Fundamentals"
ENTRY LEVEL WEB DEVELOPER,"HTML, CSS, JavaScript, Basic Web Development, Learning Agility","Meta Front-End Developer Certificate, Google Mobile Web Specialist"
ENVOY ENGINEER,"Envoy Proxy, Service Mesh, Load Balancing, Networking","Kubernetes and Cloud-Native Associate (KCNA), Linux Foundation Certified Kubernetes Security Specialist (CKS)"
FALCO ENGINEER,"Falco, Kubernetes Security, Cloud Security, System Monitoring","No direct certification; recommended: Certified Kubernetes Security Specialist (CKS), GIAC Cloud Security Automation (GCSA)"
FLUENTD ENGINEER,"Fluentd, Log Aggregation, Data Collection, System Monitoring",No direct certification; recommended: Kubernetes and Cloud-Native Associate (KCNA)
FORTIFY ENGINEER,"Fortify, Static Code Analysis, Application Security, Secure Coding","Fortify Security Software Certification, Certified Secure Software Lifecycle Professional (CSSLP)"
FRAMEWORKS SPECIALIST,"Software Frameworks, Programming Languages, Problem Solving, System Design"," Varies based on framework; recommended: AWS Certified Developer, Google Cloud Professional Developer"
FRONT END DEVELOPER,"HTML, CSS, JavaScript, UI/UX Design, Responsive Design","Meta Front-End Developer Certificate, Google Mobile Web Specialist"
FULL STACK DEVELOPER,"HTML, CSS, JavaScript, Back-End Technologies, Database Management","AWS Certified Developer - Associate, Meta Full Stack Developer Certificate"
FULL STACK JAVA DEVELOPER/PROGRAMMER/ENGINEER,"Java, Spring, Hibernate, HTML, CSS, JavaScript","Oracle Certified Professional (OCP) - Java SE, AWS Certified Developer - Associate"
FULL STACK PYTHON DEVELOPER/PROGRAMMER/ENGINEER,"Python, Django, Flask, HTML, CSS, JavaScript","Python Institute PCEP & PCAP, AWS Certified Developer - Associate"
GAME DEVELOPER,"C++, C#, Game Engines, 3D Modeling, Game Design","Unity Certified Programmer, Unreal Engine Certified Developer"
GCP DEVOPS ENGINEER,"Google Cloud Platform, DevOps Practices, CI/CD Pipelines, Automation",Google Cloud Professional DevOps Engineer
GERRIT ADMINISTRATOR,"Gerrit, Code Review, Git, Version Control",No direct certification; recommended: Google Cloud Professional DevOps Engineer
GIT ENGINEER,"Git, Version Control, Branching Strategies, Collaboration","GitHub Certified Developer, GitLab Certified Associate"
GITHUB ENGINEER,"GitHub, Git, Collaboration Tools, CI/CD Integration"," GitHub Advanced Security Certification, GitHub Actions Professional"
GITLAB ENGINEER,"GitLab, Git, CI/CD Pipelines, DevOps Practices","GitLab Certified Associate, GitLab Certified DevOps Professional"
GRADLE ENGINEER,"Gradle, Build Automation, Java, Software Configuration Management","No direct certification; recommended: Oracle Certified Professional (OCP) - Java, AWS Certified Developer - Associate"
GRAFANA ENGINEER,"Grafana, Data Visualization, Monitoring, System Performance",Grafana Cloud Certified Specialist
GROOVY ENGINEER,"Groovy, Scripting, Automation, Software Development","No direct certification; recommended: Oracle Certified Professional (OCP) - Java, Apache Groovy Developer Certificate"
INFORMATION ARCHITECT,"Information Architecture, User Experience Design, Content Strategy, Taxonomy","TOGAF Certified Enterprise Architect, IAAP Certified Professional in Accessibility Core Competencies (CPACC)"
INFORMATION SECURITY ANALYST,"Security Protocols, Threat Analysis, Compliance, Incident Response","Certified Information Systems Security Professional (CISSP), Certified Ethical Hacker (CEH), CompTIA Security+"
INTERACTION DESIGNER,"Interaction Design, User Research, Prototyping, Usability Testing","Nielsen Norman Group UX Certification, Google UX Design Professional Certificate"
IOS DEVELOPER,"Swift, Objective-C, iOS SDK, Mobile App Development, UI/UX Design","Apple Certified iOS Developer, Meta iOS Developer Certificate"
ISTIO ENGINEER,"Istio, Service Mesh, Traffic Management, Security","No direct certification; recommended: Kubernetes Certified Administrator (CKA), Certified Kubernetes Security Specialist (CKS)"
IT MANAGER,"IT Management, Team Leadership, Project Management, Budgeting","ITIL 4 Managing Professional, Certified Information Technology Manager (CITM)"
JACOCO ENGINEER,"JaCoCo, Code Coverage, Java Testing, Software Quality","No direct certification; recommended: ISTQB Certified Tester - Advanced Level, Java Certified Developer"
JAVA DEVELOPER,"Java, Spring, Hibernate, Software Development, Object-Oriented Programming","Oracle Certified Professional (OCP) - Java SE, AWS Certified Developer - Associate"
JENKINS ENGINEER,"Jenkins, CI/CD Pipelines, Build Automation, DevOps Practices",Certified Jenkins Engineer (CJE)
JIRA ADMINISTRATOR,"Jira, Atlassian Suite, Workflow Configuration, Project Management",Atlassian Certified Jira Administrator
JUNIOR FRONT END DEVELOPER,"HTML, CSS, JavaScript, Basic Web Development, Learning Agility","Google Mobile Web Specialist, Meta Front-End Developer Certificate"
JUNIOR IOS DEVELOPER,"Swift, Objective-C, iOS SDK, Basic Mobile App Development, Learning Agility","Apple Certified iOS Developer, Meta iOS Developer Certificate"
JUNIT ENGINEER,"JUnit, Java Testing, Test Automation, Software Quality","No direct certification; recommended: Oracle Certified Professional (OCP) - Java, ISTQB Certified Tester"
KUBERNETES OPERATIONS ENGINEER,"Kubernetes, Container Orchestration, Cloud Computing, DevOps Practices"," Kubernetes Certified Administrator (CKA), Certified Kubernetes Security Specialist (CKS)"
MACHINE LEARNING ARCHITECT,"Machine Learning Algorithms, System Architecture, Cloud Computing, Data Modeling","AWS Certified Machine Learning - Specialty, Google Professional Data Engineer"
MACHINE LEARNING ENGINEER,"Machine Learning Algorithms, Python, Data Analysis, Model Deployment","TensorFlow Developer Certificate, Microsoft Certified: Azure AI Engineer Associate"
MAVEN ENGINEER,"Maven, Build Automation, Java, Software Configuration Management","No direct certification; recommended: Apache Maven Fundamentals, Oracle Certified Professional - Java"
MOBILE APP DEVELOPER,"Mobile App Development, iOS/Android SDKs, UI/UX Design, Programming Languages","Google Associate Android Developer, Apple Certified iOS Developer"
MULESOFT DEVELOPER,"MuleSoft Anypoint Platform, API Integration, Java, Integration Patterns",MuleSoft Certified Developer - Level 1
NAGIOS ENGINEER,"Nagios, System Monitoring, Linux, Networking",Nagios Certified Administrator
NETWORK AND SYSTEMS ADMINISTRATOR,"Networking, System Administration, Linux/Windows Servers, Troubleshooting","Cisco Certified Network Associate (CCNA), CompTIA Network+"
NETWORK ENGINEER,"Networking Protocols, Cisco/Juniper Devices, Network Security, Troubleshooting"," Cisco Certified Network Professional (CCNP), Juniper Networks Certified Associate (JNCIA)"
NEW RELIC ENGINEER,"New Relic, Application Performance Monitoring, Troubleshooting, Cloud Computing",New Relic Performance Monitoring Certification
NEXUS ENGINEER,"Nexus Repository Manager, Artifact Management, DevOps Practices",No direct certification; recommended: Sonatype Nexus Administration Training
NOMAD ENGINEER,"Nomad, Container Orchestration, HashiCorp Tools, Infrastructure Automation",HashiCorp Certified: Nomad Associate
NOTARY ENGINEER,"Notary, Container Security, Docker, Cryptography",No direct certification; recommended: Certified Kubernetes Security Specialist (CKS)
OCTOPUS DEPLOY ENGINEER,"Octopus Deploy, Deployment Automation, .NET, PowerShell","No direct certification; recommended: Certified Jenkins Engineer (CJE), CI/CD Pipelines Specialist"
OPENSHIFT ENGINEER,"OpenShift, Kubernetes, Containerization, DevOps Practices", Red Hat Certified Specialist in OpenShift Administration
OPENSTACK ENGINEER,"OpenStack, Cloud Computing, Virtualization, System Administration", Certified OpenStack Administrator (COA)
OPERATIONS ENGINEER,"System Administration, Linux/Windows Servers, Troubleshooting, Scripting","ITIL 4 Foundation, AWS Certified SysOps Administrator"
ORACLE DEVELOPER,"Oracle Database, SQL, PL/SQL, Database Development","Oracle Certified Professional (OCP) - Java SE, Oracle Database SQL Certified Associate"
ORACLE SQL DEVELOPER,"Oracle SQL, PL/SQL, Data Modeling, Database Design",Oracle Database SQL Certified Associate
PACKER ENGINEER,"Packer, Infrastructure as Code, Cloud Computing, Automation",HashiCorp Certified: Packer Associate
PHP DEVELOPER,"PHP, MySQL, Web Development, Frameworks (Laravel, Symfony)","Zend Certified PHP Engineer, AWS Certified Developer - Associate"
POWERSHELL ENGINEER,"PowerShell, Automation, Windows Server Administration, Scripting","Microsoft Certified: Power Platform Developer Associate, Microsoft Certified: Azure Administrator Associate"
PRINCIPLE ENGINEER IN ARTIFICIAL INTELLIGENCE,"AI/ML Architecture, Leadership, Strategic Planning, Deep Learning","TensorFlow Developer Certificate, AWS Certified Machine Learning - Specialty, Google Professional Data Engineer"
PRINCIPLE ENGINEER IN BIG DATA,"Big Data Architecture, Hadoop, Spark, Data Warehousing","Google Professional Data Engineer, AWS Certified Big Data - Specialty"
PRINCIPLE ENGINEER IN DATA ANALYSIS,"Data Analysis, Statistical Modeling, Data Visualization, Leadership","Microsoft Certified: Azure Data Scientist Associate, Google Data Analytics Professional Certificate"
PRINCIPLE ENGINEER IN MACHINE LEARNING,"Machine Learning Algorithms, Model Development, Deployment, Leadership","TensorFlow Developer Certificate, Microsoft Certified: Azure AI Engineer Associate"
PRODUCT MANAGER,"Product Strategy, Market Analysis, Requirements Gathering, Product Roadmap"," Certified Scrum Product Owner (CSPO), PMI Agile Certified Practitioner (PMI-ACP)"
PRODUCTION SUPPORT ENGINEER,"Troubleshooting, Incident Management, System Monitoring, Technical Support"," ITIL 4 Foundation, AWS Certified SysOps Administrator"
PUPPET OPERATIONS ENGINEER,"Puppet, Configuration Management, Automation, Infrastructure as Code"," ITIL 4 Foundation, AWS Certified SysOps Administrator"
SENIOR BUILD AND RELEASE ENGINEER,"CI/CD Pipelines, Build Systems, Automation, Configuration Management",Puppet Certified Professional
SENIOR BUILD ENGINEER,"Build Systems, Scripting, Automation, Software Configuration Management","Certified Jenkins Engineer (CJE), AWS Certified DevOps Engineer - Professional"
SENIOR DEVOPS ENGINEER,"DevOps Practices, Cloud Computing, Automation, System Architecture","Certified Jenkins Engineer (CJE), Kubernetes Certified Administrator (CKA)"
SITE RELIABILITY ENGINEER (KUBERNETES Â€ï¿½ DOCKER),"Kubernetes, Docker, System Reliability, Automation, Monitoring","AWS Certified DevOps Engineer - Professional, Kubernetes Certified Administrator (CKA)"
SPLUNK ENGINEER,"Splunk, Log Management, Data Analysis, System Monitoring","Kubernetes Certified Administrator (CKA), Docker Certified Associate"
XL DEPLOY ENGINEER,"XL Deploy, Deployment Automation, DevOps Practices, Configuration Management","Splunk Core Certified User, Splunk Enterprise Certified Admin"
ZABBIX ENGINEER,"Zabbix, System Monitoring, Network Monitoring, Alerting","No direct certification; recommended: Kubernetes Certified Administrator (CKA), CI/CD Pipelines Specialist"
API DEVELOPER,"API Design, RESTful Services, Programming Languages, Security",Zabbix Certified Specialist
AUTOMATION SPECIALIST,"Automation Tools, Scripting, Process Improvement, Testing","Google Apigee Certification, AWS Certified Developer - Associate"
BUSINESS INTELLIGENCE ANALYST,"Data Analysis, SQL, Data Visualization, Business Acumen","UiPath Certified Professional, Automation Anywhere Certified Advanced RPA Professional"
CLOUD MIGRATION SPECIALIST,"Cloud Platforms, Migration Tools, System Migration, Project Management","Microsoft Certified: Power BI Data Analyst Associate, Tableau Desktop Specialist"
CYBERSECURITY ANALYST,"Security Protocols, Threat Analysis, Compliance, Incident Response","AWS Certified Solutions Architect - Associate, Google Professional Cloud Architect"
DATA QUALITY ENGINEER,"Data Quality Tools, Data Profiling, SQL, Data Governance","CompTIA Security+, Certified Information Systems Security Professional (CISSP)"
DIGITAL TRANSFORMATION CONSULTANT,"Digital Strategy, Technology Consulting, Business Process Improvement, Change Management","Certified Data Management Professional (CDMP), Microsoft Certified: Azure Data Engineer Associate"
E-COMMERCE DEVELOPER,"E-Commerce Platforms, Web Development, Payment Gateways, Security","TOGAF Certified Enterprise Architect, PMI Agile Certified Practitioner (PMI-ACP)"
EMBEDDED SYSTEMS ENGINEER,"Embedded Systems, C/C++, Firmware Development, Hardware Interfaces","Magento Certified Developer, Shopify Partner Academy Certification"
ERP CONSULTANT,"ERP Systems, Business Process Analysis, Implementation, Training","Arm Certified Embedded Systems Engineer, Certified LabVIEW Developer"
GEOGRAPHIC INFORMATION SYSTEMS (GIS) ANALYST,"GIS Software, Spatial Analysis, Cartography, Data Visualization","SAP Certified Application Associate, Oracle ERP Cloud Certification"
HELP DESK TECHNICIAN,"Technical Support, Troubleshooting, Customer Service, Hardware/Software","Esri GIS Certification, GISP (Certified GIS Professional)"
IDENTITY AND ACCESS MANAGEMENT SPECIALIST,"IAM Systems, Security Protocols, Authentication, Authorization","CompTIA A+, Microsoft 365 Certified: Modern Desktop Administrator Associate"
INFRASTRUCTURE ARCHITECT,"System Architecture, Cloud Computing, Networking, Security","Certified Identity and Access Manager (CIAM), Okta Certified Professional"
INTERNET OF THINGS (IoT) DEVELOPER,"IoT Platforms, Embedded Systems, Sensor Technology, Programming Languages","AWS Certified Solutions Architect - Professional, Google Professional Cloud Architect"
IT AUDITOR,"IT Auditing, Compliance, Risk Management, Security","Microsoft Certified: Azure IoT Developer Specialty, AWS Certified IoT Specialty"
JAVA ARCHITECT,"Java, System Architecture, Design Patterns, Cloud Computing",Certified Information Systems Auditor (CISA)
LINUX ADMINISTRATOR,"Linux Servers, System Administration, Scripting, Troubleshooting",Oracle Certified Master (OCM) - Java EE Enterprise Architect
MAINFRAME DEVELOPER,"Mainframe Systems, COBOL, JCL, VSAM","Red Hat Certified System Administrator (RHCSA), Linux Professional Institute Certification (LPIC-1)"
MICROSOFT DYNAMICS DEVELOPER,"Microsoft Dynamics, CRM, .NET, Development","IBM Certified System Administrator - z/OS, IBM Mainframe Application Developer Certification"
MOBILE SECURITY SPECIALIST,"Mobile Security, Penetration Testing, Security Protocols, Risk Management",Microsoft Certified: Dynamics 365 Developer Associate
NATURAL LANGUAGE PROCESSING ENGINEER,"NLP Algorithms, Python, Machine Learning, Text Analysis","Certified Mobile Device Security Professional (CMDSP), GIAC Mobile Device Security Analyst (GMOB)"
NETWORK ARCHITECT,"Network Design, Network Protocols, Security, System Architecture","TensorFlow Developer Certificate, DeepLearning.AI NLP Specialization"
PENETRATION TESTER,"Penetration Testing, Security Audits, Ethical Hacking, Vulnerability Assessment","Cisco Certified Internetwork Expert (CCIE), AWS Certified Advanced Networking - Specialty"
PYTHON ARCHITECT,"Python, System Architecture, Design Patterns, Cloud Computing","Offensive Security Certified Professional (OSCP), GIAC Penetration Tester (GPEN)"
QUALITY ASSURANCE MANAGER,"QA Processes, Test Automation, Test Planning, Team Leadership","ISTQB Advanced Level Test Manager, Certified Quality Engineer (CQE)"
RELEASE MANAGER,"Release Management, CI/CD Pipelines, Coordination, Communication","ITIL 4 Foundation, Certified Agile Project Manager"
SAP CONSULTANT,"SAP Modules, Business Process Analysis, Implementation, Customization","SAP Certified Application Associate, SAP Certified Development Specialist"
UX/UI DESIGNER,"UX/UI Design, User Research, Prototyping, Usability Testing"," Nielsen Norman Group UX Certification, Google UX Design Professional Certificate"
WEB DEVELOPER,"HTML, CSS, JavaScript, Web Development, Frameworks","Microsoft Certified: Azure Developer Associate, Google Mobile Web Specialist"
BACK END DEVELOPER,"Server-Side Programming, Databases, API Development, Frameworks","AWS Certified Developer - Associate, Oracle Certified Java Developer"
WEB DESIGNER,"Web Design, Graphic Design, UI/UX Principles, Wireframing"," Adobe Certified Expert (ACE), Google Mobile Web Specialist"
WEB ENGINEER,"Web Technologies, System Architecture, Performance Optimization, Security"," Microsoft Certified: Azure Solutions Architect, Google Professional Cloud Developer"
WEB PRODUCER,"Web Content Management, Project Management, Content Strategy, Collaboration","Certified Scrum Product Owner (CSPO), Agile Certified Practitioner (PMI-ACP)"
WEB PROJECT MANAGER,"Project Management, Web Development, Communication, Budgeting","PMP (Project Management Professional), Certified ScrumMaster (CSM)"
WEB CONTENT MANAGER,"Content Creation, Content Strategy, CMS, SEO","HubSpot Content Marketing Certification, Google Analytics Individual Qualification (GAIQ)"
MULTIMEDIA ARCHITECT,"Multimedia Design, Video Production, Audio Production, Graphic Design","Adobe Certified Expert (ACE), Unity Certified 3D Artist"
WEB ANALYTICS DEVELOPER,"Web Analytics Tools, Data Analysis, Reporting, A/B Testing","Google Analytics Individual Qualification (GAIQ), Adobe Analytics Business Practitioner"
SEO CONSULTANT,"Search Engine Optimization, Keyword Research, Content Optimization, Link Building","Google SEO Fundamentals, HubSpot Content Marketing Certification"
SEO MANAGER,"SEO Strategy, Team Leadership, Performance Monitoring, Reporting","Google Analytics Individual Qualification (GAIQ), SEMrush SEO Toolkit Course"
INTERNET ENGINEER,"Networking Protocols, Internet Technologies, System Administration, Security","Cisco Certified Internetwork Expert (CCIE), AWS Certified Advanced Networking - Specialty"
FRONT-END DESIGNER,"HTML, CSS, JavaScript, UI/UX Design, Responsive Design","Google Mobile Web Specialist, Microsoft Certified: Power Platform Developer Associate"
MOBILE DEVELOPER,"Mobile App Development, iOS/Android SDKs, UI/UX Design, Programming Languages","Google Associate Android Developer, Apple Certified iOS Developer"
PYTHON DEVELOPER,"Python, Web Frameworks (Django, Flask), Data Analysis, Scripting","PCEP (Certified Entry-Level Python Programmer), PCAP (Certified Associate in Python Programming)"
POWER BI DEVELOPER,"Power BI, Data Modeling, DAX, Data Visualization",Microsoft Certified: Power BI Data Analyst Associate
POWER BI ANALYST,"Power BI, Data Analysis, SQL, Business Intelligence",Microsoft Certified: Data Analyst Associate
CLOUD COMPUTING SPECIALIST,"Cloud Platforms, Virtualization, System Administration, Security","AWS Certified Solutions Architect, Google Professional Cloud Architect"
CYBERSECURITY SPECIALIST,"Security Protocols, Threat Analysis, Compliance, Incident Response","CompTIA Security+, Certified Information Systems Security Professional (CISSP)"
DATA SCIENCE SPECIALIST,"Data Analysis, Machine Learning, Statistical Modeling, Data Visualization","Microsoft Certified: Azure Data Scientist Associate, Google Data Analytics Professional Certificate"
ARTIFICIAL INTELLIGENCE ENGINEER,"AI/ML Algorithms, Python, Deep Learning, Neural Networks","TensorFlow Developer Certificate, AWS Certified Machine Learning - Specialty"
DATABASE ARCHITECT,"Database Design, Data Modeling, SQL, Performance Tuning","Oracle Database SQL Certified Associate, Microsoft Certified: Azure Database Administrator Associate"
SOFTWARE ARCHITECT,"System Architecture, Design Patterns, Programming Languages, Cloud Computing","AWS Certified Solutions Architect - Professional, TOGAF Certified Enterprise Architect"
CYBERSECURITY ENGINEER,"Security Protocols, Threat Analysis, Risk Management, Incident Response","Certified Ethical Hacker (CEH), GIAC Security Essentials Certification (GSEC)"
INFOSEC ANALYST/CYBERSECURITY ANALYST,"Security Protocols, Threat Analysis, Compliance, Incident Response","Certified Information Systems Security Professional (CISSP), CompTIA Security+"
COMPUTER FORENSIC ANALYST,"Digital Forensics, Incident Response, Data Recovery, Legal Compliance"," GIAC Certified Forensic Analyst (GCFA), Certified Computer Examiner (CCE)"
IT SECURITY SPECIALIST,"Security Protocols, Threat Analysis, Compliance, Risk Management","Certified Information Security Manager (CISM), GIAC Security Leadership Certification (GSLC)"
SECURITY MANAGER,"Security Management, Risk Assessment, Compliance, Team Leadership","Certified Information Security Manager (CISM), Certified Information Systems Auditor (CISA)"
SECURITY ENGINEER,"Security Protocols, Threat Analysis, Risk Management, Incident Response","Offensive Security Certified Professional (OSCP), Certified Ethical Hacker (CEH)"
SECURITY CONSULTANT,"Security Consulting, Risk Assessment, Compliance, Security Solutions","Certified Information Systems Security Professional (CISSP), Certified Information Security Manager (CISM)"
DIRECTOR OF SECURITY,"Security Leadership, Risk Management, Compliance, Incident Response","Certified Chief Information Security Officer (CCISO), CISSP-ISSMP (Information Systems Security Management Professional)"
SECURITY ADMINISTRATOR,"Security Tools, System Administration, User Management, Security Policies","CompTIA Security+, Microsoft Certified: Security Operations Analyst Associate"
SECURITY SPECIALIST,"Security Protocols, Threat Analysis, Compliance, Risk Management","GIAC Security Essentials Certification (GSEC), Certified Cloud Security Professional (CCSP)"
CHIEF INFORMATION OFFICER,"IT Strategy, Leadership, Budgeting, Project Management","Certified Information Security Manager (CISM), Certified Chief Information Security Officer (CCISO)"
NETWORK SECURITY ENGINEER,"Networking Protocols, Security Protocols, Firewall Management, Intrusion Detection","Cisco Certified CyberOps Associate, Palo Alto Networks Certified Network Security Engineer"
MACHINE LEARNING ENGINEER FOR CYBERSECURITY,"Machine Learning Algorithms, Cybersecurity, Data Analysis, Threat Detection","AWS Certified Machine Learning - Specialty, Certified AI Security Specialist (CAISS)"
NETWORK ANALYST,"Network Monitoring, Troubleshooting, Performance Analysis, Reporting","Cisco Certified Network Associate (CCNA), CompTIA Network+"
NETWORK OPERATIONS ENGINEER,"Network Operations, Troubleshooting, Monitoring, Incident Response","Cisco Certified Network Professional (CCNP), Juniper Networks Certified Associate (JNCIA)"
NETWORK RELIABILITY ENGINEER,"Network Reliability, Automation, Monitoring, Incident Response","Cisco Certified Internetwork Expert (CCIE), AWS Certified Advanced Networking - Specialty"
NETWORK INFRASTRUCTURE SPECIALIST,"Networking Hardware, Cabling, Network Design, Implementation","Cisco Certified Design Associate (CCDA), Palo Alto Networks Certified Network Security Administrator"
COMPUTER SUPPORT SPECIALIST,"Technical Support, Troubleshooting, Customer Service, Hardware/Software","CompTIA A+, Microsoft Certified: Modern Desktop Administrator Associate"
INFORMATION TECHNOLOGY ANALYST,"IT Analysis, Requirements Gathering, Process Improvement, IT Consulting","ITIL 4 Foundation, CompTIA IT Fundamentals"
TECHNOLOGY SALES CONSULTANT,"Sales, Technology Solutions, Customer Relationship Management, Technical Expertise","ITIL 4 Foundation, CompTIA IT Fundamentals"
DATABASE DEVELOPER,"Database Development, SQL, PL/SQL, Data Modeling","Microsoft Certified: Azure Database Administrator Associate, Oracle PL/SQL Developer Certified Associate"
DATABASE ANALYST,"Data Analysis, SQL, Data Modeling, Reporting","IBM Certified Database Administrator, Oracle Database SQL Certified Associate"
DATA WAREHOUSE MANAGER,"Data Warehousing, ETL Processes, Data Modeling, Team Leadership","Snowflake SnowPro Core Certification, AWS Certified Data Analytics - Specialty"
DATA WAREHOUSE PROGRAMMING SPECIALIST,"ETL Processes, SQL, Data Modeling, Data Warehousing"," Cloudera Certified Data Analyst, Microsoft Certified: Azure Data Engineer Associate"
INTELLIGENCE SPECIALIST,"Data Analysis, Intelligence Gathering, Reporting, Security","Certified Intelligence Analyst (CIA), GIAC Intelligence Analyst (GCTI)"
CLOUD/SOFTWARE ARCHITECT,"Cloud Platforms, System Architecture, Cloud Security, DevOps","AWS Certified Solutions Architect - Professional, Google Professional Cloud Architect"
CLOUD/SOFTWARE DEVELOPER,"Cloud Platforms, Programming Languages, Software Development, Cloud Services","AWS Certified Developer - Associate, Microsoft Certified: Azure Developer Associate"
CLOUD/SOFTWARE APPLICATIONS ENGINEER,"Cloud Platforms, Application Development, Cloud Services, DevOps"," Google Professional Cloud Developer, AWS Certified DevOps Engineer - Professional"
CLOUD SYSTEM ADMINISTRATOR,"Cloud Platforms, System Administration, Virtualization, Networking","Microsoft Certified: Azure Administrator Associate, AWS Certified SysOps Administrator"
CLOUD SYSTEM ENGINEER,"Cloud Platforms, System Engineering, Automation, Scripting","AWS Certified Advanced Networking - Specialty, Red Hat Certified Specialist in OpenShift Administration"
PLATFORM ENGINEER,"Platform Engineering, Cloud Computing, Automation, DevOps Practices","Terraform Associate Certification, Kubernetes Certified Application Developer (CKAD)"
SOFTWARE QUALITY ASSURANCE ANALYST,"QA Processes, Test Planning, Test Execution, Reporting","ISTQB Foundation Level Certification, Certified Software Quality Analyst (CSQA)"
UI (USER INTERFACE) DESIGNER,"UI Design, User Research, Prototyping, Usability Testing","Google UX Design Certificate, Nielsen Norman Group UX Certification"
TECHNICAL ACCOUNT MANAGER,"Customer Relationship Management, Technical Support, Account Management, Sales","AWS Certified Cloud Practitioner, Google Cloud Digital Leader"
IT SALES EXECUTIVE,"Sales, Technology Solutions, Customer Relationship Management, Sales Strategy","HubSpot Inbound Sales Certification, AWS Business Professional Accreditation"
IT SALES DIRECTOR,"Sales Leadership, Sales Strategy, Customer Relationship Management, Team Management","Salesforce Sales Cloud Consultant, Microsoft Certified: Dynamics 365 Sales Functional Consultant"
TECHNOLOGY MANAGER,"IT Management, Team Leadership, Project Management, Budgeting","Certified Information Systems Security Professional (CISSP), ITIL 4 Managing Professional"
TECHNOLOGY ASSISTANT,"Technical Support, Administrative Support, Hardware/Software, Troubleshooting","CompTIA IT Fundamentals+, Microsoft Office Specialist (MOS)"
TECHNOLOGY SPECIALIST,"Technical Expertise, Problem Solving, Troubleshooting, IT Support","AWS Certified Solutions Architect, Microsoft Certified: Azure Solutions Architect Expert"
DIRECTOR ORACLE,"Oracle Database, Team Leadership, Project Management, Budgeting","Oracle Certified Master (OCM), Oracle Cloud Infrastructure Architect Professional"
KNOWLEDGE MANAGER,"Knowledge Management, Information Architecture, Collaboration, Documentation","Knowledge-Centered Service (KCS) Certification, Certified Knowledge Manager (CKM)"
MANAGER HARDWARE,"Hardware Management, Team Leadership, Budgeting, Inventory Management","CompTIA Server+, Cisco Certified Network Professional (CCNP)"
SHAREPOINT MANAGER,"SharePoint, Team Leadership, Project Management, Collaboration","Microsoft Certified: Power Platform Solution Architect, Microsoft 365 Certified: Teams Administrator Associate"
REQUIREMENTS MANAGER,"Requirements Gathering, Analysis, Documentation, Communication","Certified Business Analysis Professional (CBAP), PMI Professional in Business Analysis (PMI-PBA)"
IMPLEMENTATION DIRECTOR,"Implementation Management, Project Management, Team Leadership, Communication","PMP (Project Management Professional), Certified SAFe 6 Agilist"
TECHNOLOGY OFFICER,"IT Strategy, Leadership, Innovation, Project Management","Certified Chief Information Security Officer (CCISO), ITIL 4 Strategic Leader"
DIRECTOR BUSINESS SYSTEMS,"Business Systems, Team Leadership, Project Management, Process Improvement","Salesforce Certified Technical Architect, Microsoft Certified: Dynamics 365 Fundamentals"
MANAGER NET,"NET Development, Team Leadership, Project Management, .NET Framework","Microsoft Certified: Azure Developer Associate, Microsoft Certified: Azure Solutions Architect Expert"
SYSTEMS INTEGRATION MANAGER,"Systems Integration, Project Management, Team Leadership, Communication","TOGAF 9 Certified, Microsoft Certified: Azure Integration Architect"
DIGITAL PROGRAM MANAGER,"Digital Strategy, Program Management, Team Leadership, Communication","Agile Certified Practitioner (PMI-ACP), Certified Scrum Product Owner (CSPO)"
INTEGRATION DIRECTOR,"Integration Management, Project Management, Team Leadership, Communication"," IBM Certified Integration Architect, AWS Certified Solutions Architect - Professional"
DIRECTOR HARDWARE,"Hardware Management, Team Leadership, Budgeting, Strategic Planning","Cisco Certified Design Expert (CCDE), CompTIA Server+"
MANAGER LINUX,"Linux Administration, Team Leadership, Project Management, Troubleshooting","Red Hat Certified Engineer (RHCE), Linux Professional Institute Certification (LPIC-2)"
MANAGER PHP,"PHP Development, Team Leadership, Project Management, Web Development","Zend Certified PHP Engineer, Laravel Certification"
FIRMWARE MANAGER,"Firmware Development, Team Leadership, Project Management, Embedded Systems","Certified Embedded Systems Engineer (CESE), Arm Certified Embedded Engineer"
IT PROGRAM ENGAGEMENT DIRECTOR,"IT Program Management, Customer Relationship Management, Stakeholder Management, Team Leadership","PMP (Project Management Professional), ITIL 4 Strategic Leader"
MANAGER UNIX,"UNIX Administration, Team Leadership, Project Management, Troubleshooting","Red Hat Certified Engineer (RHCE), Linux Professional Institute Certification (LPIC-2)"
TECHNOLOGY ADOPTION MANAGER,"Technology Adoption, Training, Communication, Change Management","AWS Certified Cloud Practitioner, ITIL 4 Digital & IT Strategy"
IT SUPPORT SPECIALIST,"Technical Support, Troubleshooting, Customer Service, Hardware/Software"," CompTIA A+, Microsoft 365 Certified: Modern Desktop Administrator Associate"
CUSTOMER SERVICE REPRESENTATIVE,"Customer Service, Communication, Problem Solving, Technical Support"," ITIL Foundation, Google IT Support Professional Certificate"
TECHNICAL PRODUCT MANAGER,"Product Management, Technical Expertise, Market Analysis, Requirements Gathering","Certified Scrum Product Owner (CSPO), Pragmatic Institute Certification"
PROJECT MANAGER,"Project Management, Planning, Execution, Communication","PMP (Project Management Professional), Certified ScrumMaster (CSM)"
PROGRAM MANAGER,"Program Management, Planning, Execution, Communication"," PMI Program Management Professional (PgMP), SAFe Program Consultant (SPC)"
PORTFOLIO MANAGER,"Portfolio Management, Investment Management, Risk Management, Financial Analysis","PMI Portfolio Management Professional (PfMP), MoP (Management of Portfolios) Certification"
CHIEF INFORMATION OFFICER (CIO),"IT Strategy, Leadership, Budgeting, Project Management","Certified Information Systems Security Professional (CISSP), Certified Chief Information Officer (CCIO)"
CHIEF TECHNOLOGY OFFICER (CTO),"Technology Strategy, Innovation, Research and Development, Team Leadership","TOGAF 9 Certified, AWS Certified Solutions Architect - Professional"
IT DIRECTOR,"IT Management, Team Leadership, Budgeting, Project Management","ITIL 4 Managing Professional, Certified Information Security Manager (CISM)"
TECHNICAL OPERATIONS OFFICER,"Technical Operations, Infrastructure Management, System Administration, Incident Response"," ITIL 4 Leader: Digital & IT Strategy, AWS Certified DevOps Engineer - Professional"
INFORMATION MANAGEMENT SYSTEMS DIRECTOR,"Information Management, Systems Administration, Data Management, Compliance","Certified Information Systems Auditor (CISA), Data Management Association (DAMA) Certification"
SENIOR IT CONSULTANT,"IT Consulting, Project Management, Technical Expertise, Client Management","Certified Management Consultant (CMC), Certified Information Systems Security Professional (CISSP)"
TECHNICAL LEAD,"Technical Leadership, Software Development, Team Leadership, Mentoring","AWS Certified Solutions Architect, Google Professional Cloud Architect"
IT APPRENTICE,"Technical Support, Troubleshooting, Learning Agility, Customer Service","CompTIA IT Fundamentals+, Google IT Support Certificate"
IT TECHNICIAN,"Technical Support, Troubleshooting, Hardware/Software, Networking","CompTIA A+, Microsoft 365 Certified: Modern Desktop Administrator Associate"
IT SYSTEMS ADMINISTRATOR,"System Administration, Linux/Windows Servers, Troubleshooting, Scripting","Microsoft Certified: Azure Administrator Associate, Red Hat Certified System Administrator (RHCSA)"
IT ENGINEER,"System Engineering, Networking, Cloud Computing, Security","AWS Certified Solutions Architect, Cisco Certified Network Associate (CCNA)"
COMPUTER NETWORK SPECIALIST,"Networking, Troubleshooting, System Administration, Security","CompTIA Network+, Cisco Certified Network Professional (CCNP)"
COMPUTER AND INFORMATION RESEARCH SCIENTIST,"Research Methodologies, Data Analysis, Programming, Scientific Writing","Certified AI Engineer (CAE), TensorFlow Developer Certificate"
COMPUTER AND INFORMATION RESEARCH MANAGER,"Research Management, Team Leadership, Budgeting, Project Management"," Google Machine Learning Engineer Certification, AWS Certified Machine Learning - Specialty"
SOFTWARE DEVELOPMENT MANAGER,"Software Development, Team Leadership, Project Management, Software Architecture","PMP (Project Management Professional), Certified ScrumMaster (CSM)"
SOFTWARE DEVELOPMENT ENGINEER,"Software Development, Programming Languages, Algorithm Design, Problem Solving","AWS Certified Developer, Microsoft Certified: Azure Developer Associate"
APPLICATION DESIGNER,"Application Design, UI/UX Principles, Programming Languages, Software Architecture","Google UX Design Certificate, Nielsen Norman Group UX Certification"
APPLICATION ENGINEER,"Application Development, Programming Languages, Troubleshooting, System Administration","AWS Certified DevOps Engineer, Google Cloud Professional Data Engineer"
LEAD PROGRAMMER,"Programming Languages, Software Development, Team Leadership, Mentoring","Microsoft Certified: Azure Developer Associate, Google Professional Cloud Developer"
ITERATION MANAGER,"Agile Methodologies, Scrum, Kanban, Team Facilitation"," SAFe 6 Agilist Certification, Certified Scrum Professional (CSP)"
WEBMASTER,"Web Development, Web Design, System Administration, Content Management","Google Analytics Individual Qualification, HubSpot CMS for Developers Certification"
UX/UI RESEARCHER,"User Research, Usability Testing, Data Analysis, Reporting","Nielsen Norman Group UX Certification, Google UX Design Certificate"
UX/UI SPECIALIST,"UX/UI Design, User Research, Prototyping, Usability Testing"," Interaction Design Foundation (IDF) Certification, HFI Certified Usability Analyst"
ANIMATOR,"Animation Software, 2D/3D Animation, Storyboarding, Visual Effects","Adobe Certified Professional (ACP) in After Effects, Toon Boom Harmony Certification"
MOTION GRAPHICS ARTIST,"Motion Graphics, Animation Software, Visual Effects, Graphic Design","Adobe Certified Professional (ACP) in Motion Graphics, Cinema 4D Certification"
2D ARTIST/ANIMATOR,"2D Animation, Drawing, Illustration, Animation Software","Toon Boom Certified Artist, Autodesk SketchBook Certification"
3D ARTIST/ANIMATOR,"3D Animation, Modeling, Texturing, Rigging"," Autodesk Maya Certified Professional, Blender Cloud Certification"
CHARACTER DESIGNER,"Character Design, Illustration, Drawing, Animation"," Concept Art Academy Certification, Schoolism Character Design Course"
STORYBOARD ARTIST,"Storyboarding, Drawing, Visual Communication, Film/Animation","Storyboard Pro Certification, Animation Mentor Storyboarding Course"
VFX ARTIST,"Visual Effects, Compositing, 3D Modeling, Simulation","Adobe Certified Professional in After Effects, Autodesk Maya Certified User"
RIGGING ARTIST,"Rigging, Animation, 3D Modeling, Character Setup","Autodesk Maya Certified Professional, Houdini Certification (SideFX)"
TECHNICAL ANIMATOR,"Technical Animation, Scripting, Programming, Animation Software","Certified Technical Artist (Unity), Unreal Engine Technical Animator Certification"
ART DIRECTOR,"Art Direction, Visual Design, Team Leadership, Project Management","Adobe Certified Professional in Photoshop & Illustrator, Gnomon School of Visual Effects Certification"
ANIMATION DIRECTOR,"Animation Direction, Storytelling, Team Leadership, Project Management","Toon Boom Harmony Certification, School of Motion Animation Bootcamp"
VISUAL EFFECTS ANIMATOR,"Visual Effects, Animation, Compositing, 3D Modeling","Autodesk Maya Certified Professional, Nuke Certification (Foundry)"
GRAPHIC EFFECTS SUPERVISOR,"Visual Effects Supervision, Team Leadership, Technical Expertise, Project Management","SideFX Houdini FX Certification, Autodesk 3ds Max Certification"
FORENSIC ANIMATOR,"Forensic Animation, 3D Modeling, Legal Expertise, Visual Communication","Certified Forensic Video Technician (LEVA), Blender Forensics Course"
COMPOSITOR,"Compositing, Visual Effects, Color Correction, Image Manipulation","Nuke Certified Artist (Foundry), Adobe Certified Professional in After Effects"
EFFECTS TECHNICAL DIRECTOR (FX TD),"Visual Effects, Technical Expertise, Scripting, Problem Solving","SideFX Houdini FX Certification, Pixar's RenderMan Certification"
LAYOUT ARTIST,"Layout, Cinematography, 3D Modeling, Visual Storytelling","Autodesk Maya Certified User, Concept Art Academy Certification"
AI RESEARCHER,"AI/ML Algorithms, Python, Research Methodologies, Data Analysis","Google TensorFlow Developer Certificate, IBM AI Engineering Professional Certificate"
AI SOFTWARE ARCHITECT,"AI/ML Architecture, Software Design, Cloud Computing, Data Modeling","Microsoft Certified: Azure AI Engineer Associate, AWS Certified Machine Learning - Specialty"
BUSINESS INTELLIGENCE DEVELOPER,"Business Intelligence Tools, Data Modeling, SQL, ETL Processes","Microsoft Certified: Power BI Data Analyst, Tableau Desktop Specialist"
